﻿<?xml version="1.0" encoding="utf-8"?><meta xmlns:xsi="http://www.w3.org/2001/XMLSchema-instance" xmlns:xsd="http://www.w3.org/2001/XMLSchema"><project id="6mXMskegZVu" courseid="6bU6Lm7Hxm8_course_id" thumburl="story_content/thumbnail.jpg" title="Hukum Newton " datepublished="2025-01-06T20:13:14" version="1.0.0.0" flashdata="story_content/data.swf" html5data="mobile/data.json" mobiledata="mobile/data.gz" enabledownload="false" duration="About 12 minutes" totalaudio="0" totalvideo="550598"><description>modul Ajar Digital</description><keywords>hukum Newton</keywords><slidemeta moniker="slide" monikerplural="slides" viewslides="36" slidecountdescription="36 slides" /><author name="Lenovo" email="trianovarian@gmail.com" website="" /><application name="Articulate Storyline" version="3.20.30234.0" xmlversion="4.0" /></project></meta>